<?xml version="1.0" encoding="UTF-8"?>
<deploy
 date="2022.03.14.15:19:21"
 outputDirectory="D:/class8/cmos_sdram_vga/ip/sdram_interface/sdram_interface/">
 <perimeter>
  <parameter
     name="AUTO_GENERATION_ID"
     type="Integer"
     defaultValue="0"
     onHdl="0"
     affectsHdl="1" />
  <parameter
     name="AUTO_UNIQUE_ID"
     type="String"
     defaultValue=""
     onHdl="0"
     affectsHdl="1" />
  <parameter
     name="AUTO_DEVICE_FAMILY"
     type="String"
     defaultValue="Cyclone IV E"
     onHdl="0"
     affectsHdl="1" />
  <parameter
     name="AUTO_DEVICE"
     type="String"
     defaultValue="EP4CE6F17C8"
     onHdl="0"
     affectsHdl="1" />
  <parameter
     name="AUTO_DEVICE_SPEEDGRADE"
     type="String"
     defaultValue="8"
     onHdl="0"
     affectsHdl="1" />
  <parameter
     name="AUTO_CLK_CLOCK_RATE"
     type="Long"
     defaultValue="-1"
     onHdl="0"
     affectsHdl="1" />
  <parameter
     name="AUTO_CLK_CLOCK_DOMAIN"
     type="Integer"
     defaultValue="-1"
     onHdl="0"
     affectsHdl="1" />
  <parameter
     name="AUTO_CLK_RESET_DOMAIN"
     type="Integer"
     defaultValue="-1"
     onHdl="0"
     affectsHdl="1" />
  <interface name="avs" kind="avalon" start="0">
   <property name="addressAlignment" value="DYNAMIC" />
   <property name="addressGroup" value="0" />
   <property name="addressSpan" value="33554432" />
   <property name="addressUnits" value="WORDS" />
   <property name="alwaysBurstMaxBurst" value="false" />
   <property name="associatedClock" value="clk" />
   <property name="associatedReset" value="reset" />
   <property name="bitsPerSymbol" value="8" />
   <property name="bridgedAddressOffset" value="0" />
   <property name="bridgesToMaster" value="" />
   <property name="burstOnBurstBoundariesOnly" value="false" />
   <property name="burstcountUnits" value="WORDS" />
   <property name="constantBurstBehavior" value="false" />
   <property name="explicitAddressSpan" value="0" />
   <property name="holdTime" value="0" />
   <property name="interleaveBursts" value="false" />
   <property name="isBigEndian" value="false" />
   <property name="isFlash" value="false" />
   <property name="isMemoryDevice" value="true" />
   <property name="isNonVolatileStorage" value="false" />
   <property name="linewrapBursts" value="false" />
   <property name="maximumPendingReadTransactions" value="7" />
   <property name="maximumPendingWriteTransactions" value="0" />
   <property name="minimumUninterruptedRunLength" value="1" />
   <property name="printableDevice" value="false" />
   <property name="readLatency" value="0" />
   <property name="readWaitStates" value="1" />
   <property name="readWaitTime" value="1" />
   <property name="registerIncomingSignals" value="false" />
   <property name="registerOutgoingSignals" value="false" />
   <property name="setupTime" value="0" />
   <property name="timingUnits" value="Cycles" />
   <property name="transparentBridge" value="false" />
   <property name="wellBehavedWaitrequest" value="false" />
   <property name="writeLatency" value="0" />
   <property name="writeWaitStates" value="0" />
   <property name="writeWaitTime" value="0" />
   <port name="avs_address" direction="input" role="address" width="24" />
   <port
       name="avs_byteenable_n"
       direction="input"
       role="byteenable_n"
       width="2" />
   <port name="avs_chipselect" direction="input" role="chipselect" width="1" />
   <port name="avs_writedata" direction="input" role="writedata" width="16" />
   <port name="avs_read_n" direction="input" role="read_n" width="1" />
   <port name="avs_write_n" direction="input" role="write_n" width="1" />
   <port name="avs_readdata" direction="output" role="readdata" width="16" />
   <port
       name="avs_readdatavalid"
       direction="output"
       role="readdatavalid"
       width="1" />
   <port
       name="avs_waitrequest"
       direction="output"
       role="waitrequest"
       width="1" />
  </interface>
  <interface name="clk" kind="clock" start="0">
   <property name="clockRate" value="50000000" />
   <property name="externallyDriven" value="false" />
   <property name="ptfSchematicName" value="" />
   <port name="clk_clk" direction="input" role="clk" width="1" />
  </interface>
  <interface name="mem_pin" kind="conduit" start="0">
   <property name="associatedClock" value="" />
   <property name="associatedReset" value="" />
   <port name="mem_pin_addr" direction="output" role="addr" width="13" />
   <port name="mem_pin_ba" direction="output" role="ba" width="2" />
   <port name="mem_pin_cas_n" direction="output" role="cas_n" width="1" />
   <port name="mem_pin_cke" direction="output" role="cke" width="1" />
   <port name="mem_pin_cs_n" direction="output" role="cs_n" width="1" />
   <port name="mem_pin_dq" direction="bidir" role="dq" width="16" />
   <port name="mem_pin_dqm" direction="output" role="dqm" width="2" />
   <port name="mem_pin_ras_n" direction="output" role="ras_n" width="1" />
   <port name="mem_pin_we_n" direction="output" role="we_n" width="1" />
  </interface>
  <interface name="reset" kind="reset" start="0">
   <property name="associatedClock" value="" />
   <property name="synchronousEdges" value="NONE" />
   <port name="reset_reset_n" direction="input" role="reset_n" width="1" />
  </interface>
 </perimeter>
 <entity
   path=""
   parameterizationKey="sdram_interface:1.0:AUTO_CLK_CLOCK_DOMAIN=-1,AUTO_CLK_CLOCK_RATE=-1,AUTO_CLK_RESET_DOMAIN=-1,AUTO_DEVICE=EP4CE6F17C8,AUTO_DEVICE_FAMILY=Cyclone IV E,AUTO_DEVICE_SPEEDGRADE=8,AUTO_GENERATION_ID=1647242359,AUTO_UNIQUE_ID=(clock_source:18.1:clockFrequency=50000000,clockFrequencyKnown=true,inputClockFrequency=0,resetSynchronousEdges=NONE)(altera_avalon_new_sdram_controller:18.1:TAC=5.5,TMRD=3,TRCD=20.0,TRFC=70.0,TRP=20.0,TWR=14.0,addressWidth=24,bankWidth=2,casLatency=3,clockRate=50000000,columnWidth=9,componentName=sdram_interface_sdram_controller,dataWidth=16,generateSimulationModel=false,initNOPDelay=0.0,initRefreshCommands=8,masteredTristateBridgeSlave=0,model=single_Micron_MT48LC4M32B2_7_chip,numberOfBanks=4,numberOfChipSelects=1,pinsSharedViaTriState=false,powerUpDelay=200.0,refreshPeriod=7.8,registerDataIn=true,rowWidth=13,size=33554432)(clock:18.1:)(reset:18.1:)"
   instancePathKey="sdram_interface"
   kind="sdram_interface"
   version="1.0"
   name="sdram_interface">
  <parameter name="AUTO_CLK_CLOCK_RATE" value="-1" />
  <parameter name="AUTO_GENERATION_ID" value="1647242359" />
  <parameter name="AUTO_DEVICE" value="EP4CE6F17C8" />
  <parameter name="AUTO_DEVICE_FAMILY" value="Cyclone IV E" />
  <parameter name="AUTO_CLK_RESET_DOMAIN" value="-1" />
  <parameter name="AUTO_CLK_CLOCK_DOMAIN" value="-1" />
  <parameter name="AUTO_UNIQUE_ID" value="" />
  <parameter name="AUTO_DEVICE_SPEEDGRADE" value="8" />
  <generatedFiles>
   <file
       path="D:/class8/cmos_sdram_vga/ip/sdram_interface/sdram_interface/synthesis/sdram_interface.v"
       type="VERILOG" />
  </generatedFiles>
  <childGeneratedFiles>
   <file
       path="D:/class8/cmos_sdram_vga/ip/sdram_interface/sdram_interface/synthesis/submodules/sdram_interface_sdram_controller.v"
       type="VERILOG"
       attributes="" />
   <file
       path="D:/class8/cmos_sdram_vga/ip/sdram_interface/sdram_interface/synthesis/submodules/altera_reset_controller.v"
       type="VERILOG"
       attributes="" />
   <file
       path="D:/class8/cmos_sdram_vga/ip/sdram_interface/sdram_interface/synthesis/submodules/altera_reset_synchronizer.v"
       type="VERILOG"
       attributes="" />
   <file
       path="D:/class8/cmos_sdram_vga/ip/sdram_interface/sdram_interface/synthesis/submodules/altera_reset_controller.sdc"
       type="SDC"
       attributes="" />
  </childGeneratedFiles>
  <sourceFiles>
   <file
       path="D:/class8/cmos_sdram_vga/ip/sdram_interface/sdram_interface.qsys" />
  </sourceFiles>
  <childSourceFiles>
   <file
       path="D:/intelfpga/18.1/ip/altera/sopc_builder_ip/altera_avalon_new_sdram_controller/altera_avalon_new_sdram_controller_hw.tcl" />
   <file
       path="D:/intelfpga/18.1/ip/altera/merlin/altera_reset_controller/altera_reset_controller_hw.tcl" />
  </childSourceFiles>
  <messages>
   <message level="Debug" culprit="sdram_interface">queue size: 0 starting:sdram_interface "sdram_interface"</message>
   <message level="Progress" culprit="min"></message>
   <message level="Progress" culprit="max"></message>
   <message level="Progress" culprit="current"></message>
   <message level="Progress" culprit="current"></message>
   <message level="Progress" culprit="current"></message>
   <message level="Debug">Transform: CustomInstructionTransform</message>
   <message level="Debug">No custom instruction connections, skipping transform </message>
   <message level="Debug" culprit="merlin_custom_instruction_transform"><![CDATA[After transform: <b>2</b> modules, <b>2</b> connections]]></message>
   <message level="Debug">Transform: MMTransform</message>
   <message level="Debug">Transform: InterruptMapperTransform</message>
   <message level="Debug">Transform: InterruptSyncTransform</message>
   <message level="Debug">Transform: InterruptFanoutTransform</message>
   <message level="Debug">Transform: AvalonStreamingTransform</message>
   <message level="Debug">Transform: ResetAdaptation</message>
   <message level="Progress" culprit="min"></message>
   <message level="Progress" culprit="max"></message>
   <message level="Progress" culprit="current"></message>
   <message level="Progress" culprit="current"></message>
   <message level="Progress" culprit="current"></message>
   <message level="Debug" culprit="reset_adaptation_transform"><![CDATA[After transform: <b>3</b> modules, <b>4</b> connections]]></message>
   <message level="Debug" culprit="sdram_interface"><![CDATA["<b>sdram_interface</b>" reuses <b>altera_avalon_new_sdram_controller</b> "<b>submodules/sdram_interface_sdram_controller</b>"]]></message>
   <message level="Debug" culprit="sdram_interface"><![CDATA["<b>sdram_interface</b>" reuses <b>altera_reset_controller</b> "<b>submodules/altera_reset_controller</b>"]]></message>
   <message level="Debug" culprit="sdram_interface">queue size: 1 starting:altera_avalon_new_sdram_controller "submodules/sdram_interface_sdram_controller"</message>
   <message level="Info" culprit="sdram_controller">Starting RTL generation for module 'sdram_interface_sdram_controller'</message>
   <message level="Info" culprit="sdram_controller">  Generation command is [exec D:/intelfpga/18.1/quartus/bin64/perl/bin/perl.exe -I D:/intelfpga/18.1/quartus/bin64/perl/lib -I D:/intelfpga/18.1/quartus/sopc_builder/bin/europa -I D:/intelfpga/18.1/quartus/sopc_builder/bin/perl_lib -I D:/intelfpga/18.1/quartus/sopc_builder/bin -I D:/intelfpga/18.1/quartus/../ip/altera/sopc_builder_ip/common -I D:/intelfpga/18.1/quartus/../ip/altera/sopc_builder_ip/altera_avalon_new_sdram_controller -- D:/intelfpga/18.1/quartus/../ip/altera/sopc_builder_ip/altera_avalon_new_sdram_controller/generate_rtl.pl --name=sdram_interface_sdram_controller --dir=C:/Users/AWCLOU~1/AppData/Local/Temp/alt9065_6166676507846622174.dir/0002_sdram_controller_gen/ --quartus_dir=D:/intelfpga/18.1/quartus --verilog --config=C:/Users/AWCLOU~1/AppData/Local/Temp/alt9065_6166676507846622174.dir/0002_sdram_controller_gen//sdram_interface_sdram_controller_component_configuration.pl  --do_build_sim=0  ]</message>
   <message level="Info" culprit="sdram_controller">Done RTL generation for module 'sdram_interface_sdram_controller'</message>
   <message level="Info" culprit="sdram_controller"><![CDATA["<b>sdram_interface</b>" instantiated <b>altera_avalon_new_sdram_controller</b> "<b>sdram_controller</b>"]]></message>
   <message level="Debug" culprit="sdram_interface">queue size: 0 starting:altera_reset_controller "submodules/altera_reset_controller"</message>
   <message level="Info" culprit="rst_controller"><![CDATA["<b>sdram_interface</b>" instantiated <b>altera_reset_controller</b> "<b>rst_controller</b>"]]></message>
  </messages>
 </entity>
 <entity
   path="submodules/"
   parameterizationKey="altera_avalon_new_sdram_controller:18.1:TAC=5.5,TMRD=3,TRCD=20.0,TRFC=70.0,TRP=20.0,TWR=14.0,addressWidth=24,bankWidth=2,casLatency=3,clockRate=50000000,columnWidth=9,componentName=sdram_interface_sdram_controller,dataWidth=16,generateSimulationModel=false,initNOPDelay=0.0,initRefreshCommands=8,masteredTristateBridgeSlave=0,model=single_Micron_MT48LC4M32B2_7_chip,numberOfBanks=4,numberOfChipSelects=1,pinsSharedViaTriState=false,powerUpDelay=200.0,refreshPeriod=7.8,registerDataIn=true,rowWidth=13,size=33554432"
   instancePathKey="sdram_interface:.:sdram_controller"
   kind="altera_avalon_new_sdram_controller"
   version="18.1"
   name="sdram_interface_sdram_controller">
  <parameter name="registerDataIn" value="true" />
  <parameter name="casLatency" value="3" />
  <parameter name="refreshPeriod" value="7.8" />
  <parameter name="masteredTristateBridgeSlave" value="0" />
  <parameter name="TMRD" value="3" />
  <parameter name="pinsSharedViaTriState" value="false" />
  <parameter name="clockRate" value="50000000" />
  <parameter name="TRP" value="20.0" />
  <parameter name="numberOfChipSelects" value="1" />
  <parameter name="columnWidth" value="9" />
  <parameter name="componentName" value="sdram_interface_sdram_controller" />
  <parameter name="TRFC" value="70.0" />
  <parameter name="generateSimulationModel" value="false" />
  <parameter name="dataWidth" value="16" />
  <parameter name="rowWidth" value="13" />
  <parameter name="bankWidth" value="2" />
  <parameter name="powerUpDelay" value="200.0" />
  <parameter name="TWR" value="14.0" />
  <parameter name="size" value="33554432" />
  <parameter name="TAC" value="5.5" />
  <parameter name="initRefreshCommands" value="8" />
  <parameter name="TRCD" value="20.0" />
  <parameter name="initNOPDelay" value="0.0" />
  <parameter name="addressWidth" value="24" />
  <parameter name="numberOfBanks" value="4" />
  <generatedFiles>
   <file
       path="D:/class8/cmos_sdram_vga/ip/sdram_interface/sdram_interface/synthesis/submodules/sdram_interface_sdram_controller.v"
       type="VERILOG"
       attributes="" />
  </generatedFiles>
  <childGeneratedFiles/>
  <sourceFiles>
   <file
       path="D:/intelfpga/18.1/ip/altera/sopc_builder_ip/altera_avalon_new_sdram_controller/altera_avalon_new_sdram_controller_hw.tcl" />
  </sourceFiles>
  <childSourceFiles/>
  <instantiator instantiator="sdram_interface" as="sdram_controller" />
  <messages>
   <message level="Debug" culprit="sdram_interface">queue size: 1 starting:altera_avalon_new_sdram_controller "submodules/sdram_interface_sdram_controller"</message>
   <message level="Info" culprit="sdram_controller">Starting RTL generation for module 'sdram_interface_sdram_controller'</message>
   <message level="Info" culprit="sdram_controller">  Generation command is [exec D:/intelfpga/18.1/quartus/bin64/perl/bin/perl.exe -I D:/intelfpga/18.1/quartus/bin64/perl/lib -I D:/intelfpga/18.1/quartus/sopc_builder/bin/europa -I D:/intelfpga/18.1/quartus/sopc_builder/bin/perl_lib -I D:/intelfpga/18.1/quartus/sopc_builder/bin -I D:/intelfpga/18.1/quartus/../ip/altera/sopc_builder_ip/common -I D:/intelfpga/18.1/quartus/../ip/altera/sopc_builder_ip/altera_avalon_new_sdram_controller -- D:/intelfpga/18.1/quartus/../ip/altera/sopc_builder_ip/altera_avalon_new_sdram_controller/generate_rtl.pl --name=sdram_interface_sdram_controller --dir=C:/Users/AWCLOU~1/AppData/Local/Temp/alt9065_6166676507846622174.dir/0002_sdram_controller_gen/ --quartus_dir=D:/intelfpga/18.1/quartus --verilog --config=C:/Users/AWCLOU~1/AppData/Local/Temp/alt9065_6166676507846622174.dir/0002_sdram_controller_gen//sdram_interface_sdram_controller_component_configuration.pl  --do_build_sim=0  ]</message>
   <message level="Info" culprit="sdram_controller">Done RTL generation for module 'sdram_interface_sdram_controller'</message>
   <message level="Info" culprit="sdram_controller"><![CDATA["<b>sdram_interface</b>" instantiated <b>altera_avalon_new_sdram_controller</b> "<b>sdram_controller</b>"]]></message>
  </messages>
 </entity>
 <entity
   path="submodules/"
   parameterizationKey="altera_reset_controller:18.1:ADAPT_RESET_REQUEST=0,MIN_RST_ASSERTION_TIME=3,NUM_RESET_INPUTS=1,OUTPUT_RESET_SYNC_EDGES=deassert,RESET_REQUEST_PRESENT=0,RESET_REQ_EARLY_DSRT_TIME=1,RESET_REQ_WAIT_TIME=1,SYNC_DEPTH=2,USE_RESET_REQUEST_IN0=0,USE_RESET_REQUEST_IN1=0,USE_RESET_REQUEST_IN10=0,USE_RESET_REQUEST_IN11=0,USE_RESET_REQUEST_IN12=0,USE_RESET_REQUEST_IN13=0,USE_RESET_REQUEST_IN14=0,USE_RESET_REQUEST_IN15=0,USE_RESET_REQUEST_IN2=0,USE_RESET_REQUEST_IN3=0,USE_RESET_REQUEST_IN4=0,USE_RESET_REQUEST_IN5=0,USE_RESET_REQUEST_IN6=0,USE_RESET_REQUEST_IN7=0,USE_RESET_REQUEST_IN8=0,USE_RESET_REQUEST_IN9=0,USE_RESET_REQUEST_INPUT=0"
   instancePathKey="sdram_interface:.:rst_controller"
   kind="altera_reset_controller"
   version="18.1"
   name="altera_reset_controller">
  <generatedFiles>
   <file
       path="D:/class8/cmos_sdram_vga/ip/sdram_interface/sdram_interface/synthesis/submodules/altera_reset_controller.v"
       type="VERILOG"
       attributes="" />
   <file
       path="D:/class8/cmos_sdram_vga/ip/sdram_interface/sdram_interface/synthesis/submodules/altera_reset_synchronizer.v"
       type="VERILOG"
       attributes="" />
   <file
       path="D:/class8/cmos_sdram_vga/ip/sdram_interface/sdram_interface/synthesis/submodules/altera_reset_controller.sdc"
       type="SDC"
       attributes="" />
  </generatedFiles>
  <childGeneratedFiles/>
  <sourceFiles>
   <file
       path="D:/intelfpga/18.1/ip/altera/merlin/altera_reset_controller/altera_reset_controller_hw.tcl" />
  </sourceFiles>
  <childSourceFiles/>
  <instantiator instantiator="sdram_interface" as="rst_controller" />
  <messages>
   <message level="Debug" culprit="sdram_interface">queue size: 0 starting:altera_reset_controller "submodules/altera_reset_controller"</message>
   <message level="Info" culprit="rst_controller"><![CDATA["<b>sdram_interface</b>" instantiated <b>altera_reset_controller</b> "<b>rst_controller</b>"]]></message>
  </messages>
 </entity>
</deploy>
