<?xml version="1.0" encoding="UTF-8"?>
<preferences>
 <debug showDebugMenu="0" />
 <systemtable filter="All Interfaces">
  <columns>
   <connections preferredWidth="63" />
   <irq preferredWidth="34" />
  </columns>
 </systemtable>
 <library
   expandedCategories="Library/University Program,Library/University Program/Clock,Project,Library/Memory Interfaces and Controllers/Memory Interfaces with UniPHY,Library/Memory Interfaces and Controllers,Library/Memory Interfaces and Controllers/Memory Interfaces with ALTMEMPHY,Library/Memory Interfaces and Controllers/SDRAM,Library" />
 <window width="1938" height="1060" x="-9" y="-9" />
 <generation path="D:/C4MB/ip/sdram_interface/" />
</preferences>
